"","Package","LibPath","Version","Priority","Depends","Imports","LinkingTo","Suggests","Enhances","License","License_is_FOSS","License_restricts_use","OS_type","MD5sum","NeedsCompilation","Built"
"abind","abind","/home/immo/mambaforge/envs/sage/lib/R/library","1.4-5",NA,"R (>= 1.5.0)","methods, utils",NA,NA,NA,"LGPL (>= 2)",NA,NA,NA,NA,"no","4.1.2"
"askpass","askpass","/home/immo/mambaforge/envs/sage/lib/R/library","1.1",NA,NA,"sys (>= 2.1)",NA,"testthat",NA,"MIT + file LICENSE",NA,NA,NA,NA,"yes","4.1.2"
"assertthat","assertthat","/home/immo/mambaforge/envs/sage/lib/R/library","0.2.1",NA,NA,"tools",NA,"testthat, covr",NA,"GPL-3",NA,NA,NA,NA,"no","4.1.2"
"backports","backports","/home/immo/mambaforge/envs/sage/lib/R/library","1.4.1",NA,"R (>= 3.0.0)",NA,NA,NA,NA,"GPL-2 | GPL-3",NA,NA,NA,NA,"yes","4.1.2"
"base","base","/home/immo/mambaforge/envs/sage/lib/R/library","4.1.2","base",NA,NA,NA,"methods",NA,"Part of R 4.1.2",NA,NA,NA,NA,NA,"4.1.2"
"base64enc","base64enc","/home/immo/mambaforge/envs/sage/lib/R/library","0.1-3",NA,"R (>= 2.9.0)",NA,NA,NA,"png","GPL-2 | GPL-3",NA,NA,NA,NA,"yes","4.1.2"
"BiocManager","BiocManager","/home/immo/mambaforge/envs/sage/lib/R/library","1.30.18",NA,NA,"utils",NA,"BiocVersion, remotes, rmarkdown, testthat, withr, curl, knitr",NA,"Artistic-2.0",NA,NA,NA,NA,"no","4.1.2"
"BiocVersion","BiocVersion","/home/immo/mambaforge/envs/sage/lib/R/library","3.14.0",NA,"R (>= 4.1.0)",NA,NA,NA,NA,"Artistic-2.0",NA,NA,NA,NA,"no","4.1.2"
"bit","bit","/home/immo/mambaforge/envs/sage/lib/R/library","4.0.4",NA,"R (>= 2.9.2)",NA,NA,"testthat (>= 0.11.0), roxygen2, knitr, rmarkdown,
microbenchmark, bit64 (>= 4.0.0), ff (>= 4.0.0)",NA,"GPL-2 | GPL-3",NA,NA,NA,NA,"yes","4.1.2"
"bit64","bit64","/home/immo/mambaforge/envs/sage/lib/R/library","4.0.5",NA,"R (>= 3.0.1), bit (>= 4.0.0), utils, methods, stats",NA,NA,NA,NA,"GPL-2 | GPL-3",NA,NA,NA,NA,"yes","4.1.2"
"blob","blob","/home/immo/mambaforge/envs/sage/lib/R/library","1.2.3",NA,NA,"methods, rlang, vctrs (>= 0.2.1)",NA,"covr, crayon, pillar (>= 1.2.1), testthat",NA,"MIT + file LICENSE",NA,NA,NA,NA,"no","4.1.2"
"boot","boot","/home/immo/mambaforge/envs/sage/lib/R/library","1.3-28","recommended","R (>= 3.0.0), graphics, stats",NA,NA,"MASS, survival",NA,"Unlimited",NA,NA,NA,NA,"no","4.1.2"
"brio","brio","/home/immo/mambaforge/envs/sage/lib/R/library","1.1.3",NA,NA,NA,NA,"covr, testthat (>= 2.1.0)",NA,"MIT + file LICENSE",NA,NA,NA,NA,"yes","4.1.2"
"broom","broom","/home/immo/mambaforge/envs/sage/lib/R/library","0.8.0",NA,"R (>= 3.1)","backports, dplyr (>= 1.0.0), ellipsis, generics (>= 0.0.2),
glue, methods, purrr, rlang, stringr, tibble (>= 3.0.0), tidyr
(>= 1.0.0), ggplot2",NA,"AER, akima, AUC, bbmle, betareg, biglm, binGroup, boot,
btergm (>= 1.10.6), car, caret, cluster, cmprsk, coda, covr,
drc, e1071, emmeans, epiR, ergm (>= 3.10.4), fixest (>= 0.9.0),
gam (>= 1.15), gee, geepack, glmnet, glmnetUtils, gmm, Hmisc,
irlba, joineRML, Kendall, knitr, ks, Lahman, lavaan, leaps,
lfe, lm.beta, lme4, lmodel2, lmtest (>= 0.9.38), lsmeans, maps,
maptools, margins, MASS, Matrix, mclust, mediation, metafor,
mfx, mgcv, mlogit, modeldata, modeltests, muhaz, multcomp,
network, nnet, orcutt (>= 2.2), ordinal, plm, poLCA, psych,
quantreg, rgeos, rmarkdown, robust, robustbase, rsample,
sandwich, sp, spdep (>= 1.1), spatialreg, speedglm, spelling,
survey, survival, systemfit, testthat (>= 2.1.0), tseries,
vars, zoo",NA,"MIT + file LICENSE",NA,NA,NA,NA,"no","4.1.2"
"bslib","bslib","/home/immo/mambaforge/envs/sage/lib/R/library","0.3.1",NA,"R (>= 2.10)","grDevices, htmltools (>= 0.5.2), jsonlite, sass (>= 0.4.0),
jquerylib (>= 0.1.3), rlang",NA,"shiny (>= 1.6.0), rmarkdown (>= 2.7), thematic, knitr,
testthat, withr, rappdirs, curl, magrittr",NA,"MIT + file LICENSE",NA,NA,NA,NA,"no","4.1.2"
"callr","callr","/home/immo/mambaforge/envs/sage/lib/R/library","3.7.0",NA,NA,"processx (>= 3.5.0), R6, utils",NA,"cli, covr, ps, rprojroot, spelling, testthat, withr (>=
2.3.0)",NA,"MIT + file LICENSE",NA,NA,NA,NA,"no","4.1.2"
"car","car","/home/immo/mambaforge/envs/sage/lib/R/library","3.0-13",NA,"R (>= 3.5.0), carData (>= 3.0-0)","abind, MASS, mgcv, nnet, pbkrtest (>= 0.4-4), quantreg,
grDevices, utils, stats, graphics, maptools, lme4 (>=
1.1-27.1), nlme",NA,"alr4, boot, coxme, effects, knitr, leaps, lmtest, Matrix,
MatrixModels, rgl (>= 0.93.960), rio, sandwich, SparseM,
survival, survey",NA,"GPL (>= 2)",NA,NA,NA,NA,"no","4.1.2"
"carData","carData","/home/immo/mambaforge/envs/sage/lib/R/library","3.0-5",NA,"R (>= 3.5.0)",NA,NA,"car (>= 3.0-0)",NA,"GPL (>= 2)",NA,NA,NA,NA,"no","4.1.2"
"cellranger","cellranger","/home/immo/mambaforge/envs/sage/lib/R/library","1.1.0",NA,"R (>= 3.0.0)","rematch, tibble",NA,"covr, testthat (>= 1.0.0), knitr, rmarkdown",NA,"MIT + file LICENSE",NA,NA,NA,NA,"no","4.1.2"
"cli","cli","/home/immo/mambaforge/envs/sage/lib/R/library","3.3.0",NA,"R (>= 3.4)","glue (>= 1.6.0), utils",NA,"asciicast, callr, covr, digest, grDevices, htmltools,
htmlwidgets, knitr, methods, mockery, processx, ps (>=
1.3.4.9000), rlang, rmarkdown, rstudioapi, shiny, testthat,
tibble, whoami, withr",NA,"MIT + file LICENSE",NA,NA,NA,NA,"yes","4.1.2"
"clipr","clipr","/home/immo/mambaforge/envs/sage/lib/R/library","0.8.0",NA,NA,"utils",NA,"covr, knitr, rmarkdown, rstudioapi (>= 0.5), testthat (>=
2.0.0)",NA,"GPL-3",NA,NA,NA,NA,"no","4.1.2"
"colorspace","colorspace","/home/immo/mambaforge/envs/sage/lib/R/library","2.0-3",NA,"R (>= 3.0.0), methods","graphics, grDevices, stats",NA,"datasets, utils, KernSmooth, MASS, kernlab, mvtnorm, vcd,
tcltk, shiny, shinyjs, ggplot2, dplyr, scales, grid, png, jpeg,
knitr, rmarkdown, RColorBrewer, rcartocolor, scico, viridis,
wesanderson",NA,"BSD_3_clause + file LICENSE",NA,NA,NA,NA,"yes","4.1.2"
"compiler","compiler","/home/immo/mambaforge/envs/sage/lib/R/library","4.1.2","base",NA,NA,NA,NA,NA,"Part of R 4.1.2",NA,NA,NA,NA,NA,"4.1.2"
"cpp11","cpp11","/home/immo/mambaforge/envs/sage/lib/R/library","0.4.2",NA,NA,NA,NA,"bench, brio, callr, cli, covr, decor, desc, ggplot2, glue,
knitr, lobstr, mockery, progress, rmarkdown, scales, Rcpp,
testthat, tibble, utils, vctrs, withr",NA,"MIT + file LICENSE",NA,NA,NA,NA,"no","4.1.2"
"crayon","crayon","/home/immo/mambaforge/envs/sage/lib/R/library","1.5.1",NA,NA,"grDevices, methods, utils",NA,"mockery, rstudioapi, testthat, withr",NA,"MIT + file LICENSE",NA,NA,NA,NA,"no","4.1.2"
"curl","curl","/home/immo/mambaforge/envs/sage/lib/R/library","4.3.2",NA,"R (>= 3.0.0)",NA,NA,"spelling, testthat (>= 1.0.0), knitr, jsonlite, rmarkdown,
magrittr, httpuv (>= 1.4.4), webutils",NA,"MIT + file LICENSE",NA,NA,NA,NA,"yes","4.1.2"
"data.table","data.table","/home/immo/mambaforge/envs/sage/lib/R/library","1.14.2",NA,"R (>= 3.1.0)","methods",NA,"bit64 (>= 4.0.0), bit (>= 4.0.4), curl, R.utils, xts,
nanotime, zoo (>= 1.8-1), yaml, knitr, rmarkdown",NA,"MPL-2.0 | file LICENSE",NA,NA,NA,NA,"yes","4.1.2"
"datasets","datasets","/home/immo/mambaforge/envs/sage/lib/R/library","4.1.2","base",NA,NA,NA,NA,NA,"Part of R 4.1.2",NA,NA,NA,NA,NA,"4.1.2"
"DBI","DBI","/home/immo/mambaforge/envs/sage/lib/R/library","1.1.2",NA,"methods, R (>= 3.0.0)",NA,NA,"blob, covr, DBItest, dbplyr, downlit, dplyr, glue, hms,
knitr, magrittr, RMariaDB, rmarkdown, rprojroot, RSQLite (>=
1.1-2), testthat, xml2",NA,"LGPL (>= 2.1)",NA,NA,NA,NA,"no","4.1.2"
"dbplyr","dbplyr","/home/immo/mambaforge/envs/sage/lib/R/library","2.1.1",NA,"R (>= 3.1)","assertthat (>= 0.2.0), blob (>= 1.2.0), DBI (>= 1.0.0), dplyr
(>= 1.0.4), ellipsis, glue (>= 1.2.0), lifecycle (>= 1.0.0),
magrittr, methods, purrr (>= 0.2.5), R6 (>= 2.2.2), rlang (>=
0.2.0), tibble (>= 1.4.2), tidyselect (>= 0.2.4), utils, vctrs,
withr",NA,"bit64, covr, knitr, Lahman, nycflights13, odbc, RMariaDB (>=
1.0.2), rmarkdown, RPostgres (>= 1.1.3), RPostgreSQL, RSQLite
(>= 2.1.0), testthat (>= 3.0.2), tidyr",NA,"MIT + file LICENSE",NA,NA,NA,NA,"no","4.1.2"
"desc","desc","/home/immo/mambaforge/envs/sage/lib/R/library","1.4.1",NA,"R (>= 3.4)","cli, R6, rprojroot, utils",NA,"callr, covr, gh, spelling, testthat, whoami, withr",NA,"MIT + file LICENSE",NA,NA,NA,NA,"no","4.1.2"
"diffobj","diffobj","/home/immo/mambaforge/envs/sage/lib/R/library","0.3.5",NA,"R (>= 3.1.0)","crayon (>= 1.3.2), tools, methods, utils, stats",NA,"knitr, rmarkdown",NA,"GPL-2 | GPL-3",NA,NA,NA,NA,"yes","4.1.2"
"digest","digest","/home/immo/mambaforge/envs/sage/lib/R/library","0.6.29",NA,"R (>= 3.3.0)","utils",NA,"tinytest, simplermarkdown",NA,"GPL (>= 2)",NA,NA,NA,NA,"yes","4.1.2"
"dplyr","dplyr","/home/immo/mambaforge/envs/sage/lib/R/library","1.0.9",NA,"R (>= 3.4.0)","generics, glue (>= 1.3.2), lifecycle (>= 1.0.1), magrittr (>=
1.5), methods, R6, rlang (>= 1.0.2), tibble (>= 2.1.3),
tidyselect (>= 1.1.1), utils, vctrs (>= 0.4.1), pillar (>=
1.5.1)",NA,"bench, broom, callr, covr, DBI, dbplyr (>= 1.4.3), ggplot2,
knitr, Lahman, lobstr, microbenchmark, nycflights13, purrr,
rmarkdown, RMySQL, RPostgreSQL, RSQLite, testthat (>= 3.1.1),
tidyr, withr",NA,"MIT + file LICENSE",NA,NA,NA,NA,"yes","4.1.2"
"dtplyr","dtplyr","/home/immo/mambaforge/envs/sage/lib/R/library","1.2.1",NA,"R (>= 3.3)","crayon, data.table (>= 1.13.0), dplyr (>= 1.0.3), ellipsis,
glue, lifecycle, rlang, tibble, tidyselect, vctrs",NA,"bench, covr, knitr, rmarkdown, testthat (>= 3.0.0), tidyr (>=
1.1.0)",NA,"MIT + file LICENSE",NA,NA,NA,NA,"no","4.1.2"
"ellipsis","ellipsis","/home/immo/mambaforge/envs/sage/lib/R/library","0.3.2",NA,"R (>= 3.2)","rlang (>= 0.3.0)",NA,"covr, testthat",NA,"MIT + file LICENSE",NA,NA,NA,NA,"yes","4.1.2"
"evaluate","evaluate","/home/immo/mambaforge/envs/sage/lib/R/library","0.15",NA,"R (>= 3.0.2)","methods",NA,"covr, ggplot2, lattice, testthat",NA,"MIT + file LICENSE",NA,NA,NA,NA,"no","4.1.2"
"extrafont","extrafont","/home/immo/mambaforge/envs/sage/lib/R/library","0.18",NA,"R (>= 2.15)","extrafontdb, grDevices, utils, Rttf2pt1",NA,"fontcm",NA,"GPL-2",NA,NA,NA,NA,"no","4.1.2"
"extrafontdb","extrafontdb","/home/immo/mambaforge/envs/sage/lib/R/library","1.0",NA,"R (>= 2.14)",NA,NA,NA,NA,"GPL-2",NA,NA,NA,NA,NA,"4.1.2"
"fansi","fansi","/home/immo/mambaforge/envs/sage/lib/R/library","1.0.3",NA,"R (>= 3.1.0)","grDevices, utils",NA,"unitizer, knitr, rmarkdown",NA,"GPL-2 | GPL-3",NA,NA,NA,NA,"yes","4.1.2"
"farver","farver","/home/immo/mambaforge/envs/sage/lib/R/library","2.1.0",NA,NA,NA,NA,"testthat (>= 2.1.0), covr",NA,"MIT + file LICENSE",NA,NA,NA,NA,"yes","4.1.2"
"fastmap","fastmap","/home/immo/mambaforge/envs/sage/lib/R/library","1.1.0",NA,NA,NA,NA,"testthat (>= 2.1.1)",NA,"MIT + file LICENSE",NA,NA,NA,NA,"yes","4.1.2"
"forcats","forcats","/home/immo/mambaforge/envs/sage/lib/R/library","0.5.1",NA,"R (>= 3.2)","ellipsis, magrittr, rlang, tibble",NA,"covr, dplyr, ggplot2, knitr, readr, rmarkdown, testthat",NA,"MIT + file LICENSE",NA,NA,NA,NA,"no","4.1.2"
"foreign","foreign","/home/immo/mambaforge/envs/sage/lib/R/library","0.8-82","recommended","R (>= 4.0.0)","methods, utils, stats",NA,NA,NA,"GPL (>= 2)",NA,NA,NA,NA,"yes","4.1.2"
"fs","fs","/home/immo/mambaforge/envs/sage/lib/R/library","1.5.2",NA,"R (>= 3.1)","methods",NA,"testthat, covr, pillar (>= 1.0.0), tibble (>= 1.1.0), crayon,
rmarkdown, knitr, withr, spelling, vctrs (>= 0.3.0)",NA,"MIT + file LICENSE",NA,NA,NA,NA,"yes","4.1.2"
"gargle","gargle","/home/immo/mambaforge/envs/sage/lib/R/library","1.2.0",NA,"R (>= 3.3)","cli (>= 3.0.0), fs (>= 1.3.1), glue (>= 1.3.0), httr (>=
1.4.0), jsonlite, rappdirs, rlang (>= 0.4.9), rstudioapi,
stats, utils, withr",NA,"aws.ec2metadata, aws.signature, covr, httpuv, knitr, mockr,
rmarkdown, sodium, spelling, testthat (>= 3.0.0)",NA,"MIT + file LICENSE",NA,NA,NA,NA,"no","4.1.2"
"gdtools","gdtools","/home/immo/mambaforge/envs/sage/lib/R/library","0.2.4",NA,NA,"Rcpp (>= 0.12.12), systemfonts (>= 0.1.1)","Rcpp","htmltools, testthat, fontquiver (>= 0.2.0), curl",NA,"GPL-3 | file LICENSE",NA,NA,NA,NA,"yes","4.1.2"
"generics","generics","/home/immo/mambaforge/envs/sage/lib/R/library","0.1.2",NA,"R (>= 3.2)","methods",NA,"covr, pkgload, testthat (>= 3.0.0), tibble, withr",NA,"MIT + file LICENSE",NA,NA,NA,NA,"no","4.1.2"
"ggplot2","ggplot2","/home/immo/mambaforge/envs/sage/lib/R/library","3.3.6",NA,"R (>= 3.3)","digest, glue, grDevices, grid, gtable (>= 0.1.1), isoband,
MASS, mgcv, rlang (>= 0.4.10), scales (>= 0.5.0), stats,
tibble, withr (>= 2.0.0)",NA,"covr, ragg, dplyr, ggplot2movies, hexbin, Hmisc, interp,
knitr, lattice, mapproj, maps, maptools, multcomp, munsell,
nlme, profvis, quantreg, RColorBrewer, rgeos, rmarkdown, rpart,
sf (>= 0.7-3), svglite (>= 1.2.0.9001), testthat (>= 2.1.0),
vdiffr (>= 1.0.0), xml2","sp","MIT + file LICENSE",NA,NA,NA,NA,"no","4.1.2"
"glue","glue","/home/immo/mambaforge/envs/sage/lib/R/library","1.6.2",NA,"R (>= 3.4)","methods",NA,"covr, crayon, DBI, dplyr, forcats, ggplot2, knitr, magrittr,
microbenchmark, R.utils, rmarkdown, rprintf, RSQLite, stringr,
testthat (>= 3.0.0), vctrs (>= 0.3.0), waldo (>= 0.3.0), withr",NA,"MIT + file LICENSE",NA,NA,NA,NA,"yes","4.1.2"
"googledrive","googledrive","/home/immo/mambaforge/envs/sage/lib/R/library","2.0.0",NA,"R (>= 3.3)","cli (>= 3.0.0), gargle (>= 1.2.0), glue (>= 1.4.2), httr,
jsonlite, lifecycle, magrittr, pillar, purrr (>= 0.2.3), rlang
(>= 0.4.9), tibble (>= 2.0.0), utils, uuid, vctrs (>= 0.3.0),
withr",NA,"covr, curl, downlit, dplyr (>= 1.0.0), knitr, mockr,
rmarkdown, roxygen2, sodium, spelling, testthat (>= 3.0.0)",NA,"MIT + file LICENSE",NA,NA,NA,NA,"no","4.1.2"
"googlesheets4","googlesheets4","/home/immo/mambaforge/envs/sage/lib/R/library","1.0.0",NA,"R (>= 3.3)","cellranger, cli (>= 3.0.0), curl, gargle (>= 1.2.0), glue (>=
1.3.0), googledrive (>= 2.0.0), httr, ids, magrittr, methods,
purrr, rematch2, rlang (>= 0.4.11), tibble (>= 2.1.1), utils,
vctrs (>= 0.2.3)",NA,"covr, readr, rmarkdown, sodium, spelling, testthat (>=
3.0.0), withr",NA,"MIT + file LICENSE",NA,NA,NA,NA,"no","4.1.2"
"graphics","graphics","/home/immo/mambaforge/envs/sage/lib/R/library","4.1.2","base",NA,"grDevices",NA,NA,NA,"Part of R 4.1.2",NA,NA,NA,NA,"yes","4.1.2"
"grDevices","grDevices","/home/immo/mambaforge/envs/sage/lib/R/library","4.1.2","base",NA,NA,NA,"KernSmooth",NA,"Part of R 4.1.2",NA,NA,NA,NA,"yes","4.1.2"
"grid","grid","/home/immo/mambaforge/envs/sage/lib/R/library","4.1.2","base",NA,"grDevices, utils",NA,NA,NA,"Part of R 4.1.2",NA,NA,NA,NA,"yes","4.1.2"
"gridExtra","gridExtra","/home/immo/mambaforge/envs/sage/lib/R/library","2.3",NA,NA,"gtable, grid, grDevices, graphics, utils",NA,"ggplot2, egg, lattice, knitr, testthat",NA,"GPL (>= 2)",NA,NA,NA,NA,"no","4.1.2"
"gtable","gtable","/home/immo/mambaforge/envs/sage/lib/R/library","0.3.0",NA,"R (>= 3.0)","grid",NA,"covr, testthat, knitr, rmarkdown, ggplot2, profvis",NA,"GPL-2",NA,NA,NA,NA,"no","4.1.2"
"haven","haven","/home/immo/mambaforge/envs/sage/lib/R/library","2.5.0",NA,"R (>= 3.4)","cli (>= 3.0.0), forcats (>= 0.2.0), hms, lifecycle, methods,
readr (>= 0.1.0), rlang (>= 0.4.0), tibble, tidyselect, vctrs
(>= 0.3.0)","cpp11","covr, crayon, fs, knitr, pillar (>= 1.4.0), rmarkdown,
testthat (>= 3.0.0)",NA,"MIT + file LICENSE",NA,NA,NA,NA,"yes","4.1.2"
"highr","highr","/home/immo/mambaforge/envs/sage/lib/R/library","0.9",NA,"R (>= 3.2.3)","xfun (>= 0.18)",NA,"knitr, markdown, testit",NA,"GPL",NA,NA,NA,NA,"no","4.1.2"
"hms","hms","/home/immo/mambaforge/envs/sage/lib/R/library","1.1.1",NA,NA,"ellipsis (>= 0.3.2), lifecycle, methods, pkgconfig, rlang,
vctrs (>= 0.3.8)",NA,"crayon, lubridate, pillar (>= 1.1.0), testthat (>= 3.0.0)",NA,"MIT + file LICENSE",NA,NA,NA,NA,"no","4.1.2"
"hrbrthemes","hrbrthemes","/home/immo/mambaforge/envs/sage/lib/R/library","0.8.0",NA,"R (>= 3.4.0)","ggplot2 (>= 3.3.0), grDevices, grid, scales, extrafont, knitr,
rmarkdown, htmltools, tools, magrittr, gdtools",NA,"testthat, dplyr, gridExtra, hunspell, stringi, gcookbook,
clipr, vdiffr, svglite",NA,"MIT + file LICENSE",NA,NA,NA,NA,"no","4.1.2"
"htmltools","htmltools","/home/immo/mambaforge/envs/sage/lib/R/library","0.5.2",NA,"R (>= 2.14.1)","utils, digest, grDevices, base64enc, rlang (>= 0.4.10),
fastmap",NA,"markdown, testthat, withr, Cairo, ragg, shiny","knitr","GPL (>= 2)",NA,NA,NA,NA,"yes","4.1.2"
"httr","httr","/home/immo/mambaforge/envs/sage/lib/R/library","1.4.3",NA,"R (>= 3.2)","curl (>= 3.0.0), jsonlite, mime, openssl (>= 0.8), R6",NA,"covr, httpuv, jpeg, knitr, png, readr, rmarkdown, testthat
(>= 0.8.0), xml2",NA,"MIT + file LICENSE",NA,NA,NA,NA,"no","4.1.2"
"ids","ids","/home/immo/mambaforge/envs/sage/lib/R/library","1.0.1",NA,NA,"openssl, uuid",NA,"knitr, rcorpora, rmarkdown, testthat",NA,"MIT + file LICENSE",NA,NA,NA,NA,"no","4.1.2"
"IRdisplay","IRdisplay","/home/immo/mambaforge/envs/sage/lib/R/library","1.1",NA,"R (>= 3.0.1)","methods, repr",NA,"testthat, withr",NA,"MIT + file LICENSE",NA,NA,NA,NA,"no","4.1.2"
"IRkernel","IRkernel","/home/immo/mambaforge/envs/sage/lib/R/library","1.3",NA,"R (>= 3.2.0)","repr (>= 0.4.99), methods, evaluate (>= 0.10), IRdisplay (>=
0.3.0.9999), pbdZMQ (>= 0.2-1), crayon, jsonlite (>= 0.9.6),
uuid, digest",NA,"testthat, roxygen2",NA,"MIT + file LICENSE",NA,NA,NA,NA,"no","4.1.2"
"isoband","isoband","/home/immo/mambaforge/envs/sage/lib/R/library","0.2.5",NA,NA,"grid, utils",NA,"covr, ggplot2, knitr, magick, microbenchmark, rmarkdown, sf,
testthat, xml2",NA,"MIT + file LICENSE",NA,NA,NA,NA,"yes","4.1.2"
"jquerylib","jquerylib","/home/immo/mambaforge/envs/sage/lib/R/library","0.1.4",NA,NA,"htmltools",NA,"testthat",NA,"MIT + file LICENSE",NA,NA,NA,NA,"no","4.1.2"
"jsonlite","jsonlite","/home/immo/mambaforge/envs/sage/lib/R/library","1.8.0",NA,"methods",NA,NA,"httr, curl, vctrs, testthat, knitr, rmarkdown, R.rsp, sf",NA,"MIT + file LICENSE",NA,NA,NA,NA,"yes","4.1.2"
"knitr","knitr","/home/immo/mambaforge/envs/sage/lib/R/library","1.39",NA,"R (>= 3.3.0)","evaluate (>= 0.15), highr, methods, stringr (>= 0.6), yaml (>=
2.1.19), xfun (>= 0.29), tools",NA,"markdown, formatR, testit, digest, rgl (>= 0.95.1201),
codetools, rmarkdown, htmlwidgets (>= 0.7), webshot, tikzDevice
(>= 0.10), tinytex, reticulate (>= 1.4), JuliaCall (>= 0.11.1),
magick, png, jpeg, gifski, xml2 (>= 1.2.0), httr, DBI (>=
0.4-1), showtext, tibble, sass, bslib, ragg, styler (>= 1.2.0),
targets (>= 0.6.0)",NA,"GPL",NA,NA,NA,NA,"no","4.1.2"
"labeling","labeling","/home/immo/mambaforge/envs/sage/lib/R/library","0.4.2",NA,NA,"stats, graphics",NA,NA,NA,"MIT + file LICENSE | Unlimited",NA,NA,NA,NA,"no","4.1.2"
"lattice","lattice","/home/immo/mambaforge/envs/sage/lib/R/library","0.20-45","recommended","R (>= 3.0.0)","grid, grDevices, graphics, stats, utils",NA,"KernSmooth, MASS, latticeExtra","chron","GPL (>= 2)",NA,NA,NA,NA,"yes","4.1.2"
"lifecycle","lifecycle","/home/immo/mambaforge/envs/sage/lib/R/library","1.0.1",NA,"R (>= 3.3)","glue, rlang (>= 0.4.10)",NA,"covr, crayon, lintr, tidyverse, knitr, rmarkdown, testthat
(>= 3.0.1), tools, tibble, vctrs",NA,"MIT + file LICENSE",NA,NA,NA,NA,"no","4.1.2"
"lme4","lme4","/home/immo/mambaforge/envs/sage/lib/R/library","1.1-29",NA,"R (>= 3.2.0), Matrix (>= 1.2-1), methods, stats","graphics, grid, splines, utils, parallel, MASS, lattice, boot,
nlme (>= 3.1-123), minqa (>= 1.1.15), nloptr (>= 1.0.4)","Rcpp (>= 0.10.5), RcppEigen","knitr, rmarkdown, PKPDmodels, MEMSS, testthat (>= 0.8.1),
ggplot2, mlmRev, optimx (>= 2013.8.6), gamm4, pbkrtest, HSAUR3,
numDeriv, car, dfoptim, mgcv, statmod, rr2, semEff, tibble",NA,"GPL (>= 2)",NA,NA,NA,NA,"yes","4.1.2"
"lubridate","lubridate","/home/immo/mambaforge/envs/sage/lib/R/library","1.8.0",NA,"methods, R (>= 3.2)","generics","cpp11 (>= 0.2.7)","covr, knitr, testthat (>= 2.1.0), vctrs (>= 0.3.0), rmarkdown","chron, timeDate, tis, zoo","GPL (>= 2)",NA,NA,NA,NA,"yes","4.1.2"
"magrittr","magrittr","/home/immo/mambaforge/envs/sage/lib/R/library","2.0.3",NA,"R (>= 3.4.0)",NA,NA,"covr, knitr, rlang, rmarkdown, testthat",NA,"MIT + file LICENSE",NA,NA,NA,NA,"yes","4.1.2"
"maptools","maptools","/home/immo/mambaforge/envs/sage/lib/R/library","1.1-4",NA,"R (>= 2.10), sp (>= 1.0-11)","foreign (>= 0.8), methods, grid, lattice, stats, utils,
grDevices",NA,"rgeos (>= 0.1-8), spatstat.geom (>= 1.65-0), PBSmapping,
maps, RColorBrewer, raster, polyclip, plotrix, spatstat.linnet
(>= 1.65-3), spatstat.utils (>= 1.19.0), spatstat (>= 2.0-0)","gpclib","GPL (>= 2)",NA,NA,NA,NA,"yes","4.1.2"
"MASS","MASS","/home/immo/mambaforge/envs/sage/lib/R/library","7.3-57","recommended","R (>= 3.3.0), grDevices, graphics, stats, utils","methods",NA,"lattice, nlme, nnet, survival",NA,"GPL-2 | GPL-3",NA,NA,NA,NA,"yes","4.1.2"
"Matrix","Matrix","/home/immo/mambaforge/envs/sage/lib/R/library","1.4-1","recommended","R (>= 3.5.0)","methods, graphics, grid, stats, utils, lattice",NA,"expm, MASS","MatrixModels, graph, SparseM, sfsmisc, igraph, maptools, sp,
spdep","GPL (>= 2) | file LICENCE",NA,NA,NA,NA,"yes","4.1.2"
"MatrixModels","MatrixModels","/home/immo/mambaforge/envs/sage/lib/R/library","0.5-0",NA,"R (>= 3.0.1)","stats, methods, Matrix (>= 1.1-5)",NA,NA,NA,"GPL (>= 2)",NA,NA,NA,NA,"no","4.1.2"
"methods","methods","/home/immo/mambaforge/envs/sage/lib/R/library","4.1.2","base",NA,"utils, stats",NA,"codetools",NA,"Part of R 4.1.2",NA,NA,NA,NA,"yes","4.1.2"
"mgcv","mgcv","/home/immo/mambaforge/envs/sage/lib/R/library","1.8-40","recommended","R (>= 3.6.0), nlme (>= 3.1-64)","methods, stats, graphics, Matrix, splines, utils",NA,"parallel, survival, MASS",NA,"GPL (>= 2)",NA,NA,NA,NA,"yes","4.1.2"
"mime","mime","/home/immo/mambaforge/envs/sage/lib/R/library","0.12",NA,NA,"tools",NA,NA,NA,"GPL",NA,NA,NA,NA,"yes","4.1.2"
"minqa","minqa","/home/immo/mambaforge/envs/sage/lib/R/library","1.2.4",NA,NA,"Rcpp (>= 0.9.10)","Rcpp",NA,NA,"GPL-2",NA,NA,NA,NA,"yes","4.1.2"
"modelr","modelr","/home/immo/mambaforge/envs/sage/lib/R/library","0.1.8",NA,"R (>= 3.2)","broom, magrittr, purrr (>= 0.2.2), rlang (>= 0.2.0), tibble,
tidyr (>= 0.8.0), tidyselect, vctrs",NA,"compiler, covr, ggplot2, testthat",NA,"GPL-3",NA,NA,NA,NA,"no","4.1.2"
"munsell","munsell","/home/immo/mambaforge/envs/sage/lib/R/library","0.5.0",NA,NA,"colorspace, methods",NA,"ggplot2, testthat",NA,"MIT + file LICENSE",NA,NA,NA,NA,"no","4.1.2"
"nlme","nlme","/home/immo/mambaforge/envs/sage/lib/R/library","3.1-157","recommended","R (>= 3.5.0)","graphics, stats, utils, lattice",NA,"Hmisc, MASS, SASmixed",NA,"GPL (>= 2)",NA,NA,NA,NA,"yes","4.1.2"
"nloptr","nloptr","/home/immo/mambaforge/envs/sage/lib/R/library","2.0.3",NA,NA,NA,"testthat","knitr, rmarkdown, xml2, testthat (>= 3.0.0), covr",NA,"LGPL (>= 3)",NA,NA,NA,NA,"yes","4.1.2"
"nnet","nnet","/home/immo/mambaforge/envs/sage/lib/R/library","7.3-17","recommended","R (>= 3.0.0), stats, utils",NA,NA,"MASS",NA,"GPL-2 | GPL-3",NA,NA,NA,NA,"yes","4.1.2"
"numDeriv","numDeriv","/home/immo/mambaforge/envs/sage/lib/R/library","2016.8-1.1",NA,"R (>= 2.11.1)",NA,NA,NA,NA,"GPL-2",NA,NA,NA,NA,"no","4.1.2"
"openssl","openssl","/home/immo/mambaforge/envs/sage/lib/R/library","2.0.2",NA,NA,"askpass",NA,"curl, testthat (>= 2.1.0), digest, knitr, rmarkdown,
jsonlite, jose, sodium",NA,"MIT + file LICENSE",NA,NA,NA,NA,"yes","4.1.2"
"parallel","parallel","/home/immo/mambaforge/envs/sage/lib/R/library","4.1.2","base",NA,"tools, compiler",NA,"methods","snow, nws, Rmpi","Part of R 4.1.2",NA,NA,NA,NA,"yes","4.1.2"
"pbdZMQ","pbdZMQ","/home/immo/mambaforge/envs/sage/lib/R/library","0.3-7",NA,"R (>= 3.5.0)",NA,NA,NA,NA,"GPL-3",NA,NA,NA,NA,"yes","4.1.2"
"pbkrtest","pbkrtest","/home/immo/mambaforge/envs/sage/lib/R/library","0.5.1",NA,"R (>= 3.5.0), lme4 (>= 1.1.10)","broom, dplyr, magrittr, MASS, Matrix (>= 1.2.3), methods,
numDeriv, parallel, knitr",NA,NA,NA,"GPL (>= 2)",NA,NA,NA,NA,"no","4.1.2"
"pillar","pillar","/home/immo/mambaforge/envs/sage/lib/R/library","1.7.0",NA,NA,"cli (>= 2.3.0), crayon (>= 1.3.4), ellipsis (>= 0.3.2), fansi,
glue, lifecycle, rlang (>= 0.3.0), utf8 (>= 1.1.0), utils,
vctrs (>= 0.3.8)",NA,"bit64, debugme, DiagrammeR, dplyr, formattable, ggplot2,
knitr, lubridate, nanotime, nycflights13, palmerpenguins,
rmarkdown, scales, stringi, survival, testthat (>= 3.1.1),
tibble, units (>= 0.7.2), vdiffr, withr",NA,"MIT + file LICENSE",NA,NA,NA,NA,"no","4.1.2"
"pkgconfig","pkgconfig","/home/immo/mambaforge/envs/sage/lib/R/library","2.0.3",NA,NA,"utils",NA,"covr, testthat, disposables (>= 1.0.3)",NA,"MIT + file LICENSE",NA,NA,NA,NA,"no","4.1.2"
"pkgload","pkgload","/home/immo/mambaforge/envs/sage/lib/R/library","1.2.4",NA,NA,"cli, crayon, desc, methods, rlang, rprojroot, rstudioapi,
utils, withr",NA,"bitops, covr, pkgbuild, Rcpp, testthat",NA,"GPL-3",NA,NA,NA,NA,"no","4.1.2"
"plyr","plyr","/home/immo/mambaforge/envs/sage/lib/R/library","1.8.7",NA,"R (>= 3.1.0)","Rcpp (>= 0.11.0)","Rcpp","abind, covr, doParallel, foreach, iterators, itertools,
tcltk, testthat",NA,"MIT + file LICENSE",NA,NA,NA,NA,"yes","4.1.2"
"praise","praise","/home/immo/mambaforge/envs/sage/lib/R/library","1.0.0",NA,NA,NA,NA,"testthat",NA,"MIT + file LICENSE",NA,NA,NA,NA,"no","4.1.2"
"prettyunits","prettyunits","/home/immo/mambaforge/envs/sage/lib/R/library","1.1.1",NA,NA,NA,NA,"codetools, covr, testthat",NA,"MIT + file LICENSE",NA,NA,NA,NA,"no","4.1.2"
"processx","processx","/home/immo/mambaforge/envs/sage/lib/R/library","3.5.3",NA,"R (>= 3.4.0)","ps (>= 1.2.0), R6, utils",NA,"callr (>= 3.7.0), cli (>= 1.1.0), codetools, covr, curl,
debugme, parallel, testthat (>= 3.0.0), withr",NA,"MIT + file LICENSE",NA,NA,NA,NA,"yes","4.1.2"
"progress","progress","/home/immo/mambaforge/envs/sage/lib/R/library","1.2.2",NA,NA,"hms, prettyunits, R6, crayon",NA,"Rcpp, testthat, withr",NA,"MIT + file LICENSE",NA,NA,NA,NA,"no","4.1.2"
"ps","ps","/home/immo/mambaforge/envs/sage/lib/R/library","1.7.0",NA,"R (>= 3.4)","utils",NA,"callr, covr, curl, pingr, processx (>= 3.1.0), R6, rlang,
testthat (>= 3.0.0), tibble",NA,"MIT + file LICENSE",NA,NA,NA,NA,"yes","4.1.2"
"purrr","purrr","/home/immo/mambaforge/envs/sage/lib/R/library","0.3.4",NA,"R (>= 3.2)","magrittr (>= 1.5), rlang (>= 0.3.1)",NA,"covr, crayon, dplyr (>= 0.7.8), knitr, rmarkdown, testthat,
tibble, tidyselect",NA,"GPL-3 | file LICENSE",NA,NA,NA,NA,"yes","4.1.2"
"quadprog","quadprog","/home/immo/mambaforge/envs/sage/lib/R/library","1.5-8",NA,"R (>= 3.1.0)",NA,NA,NA,NA,"GPL (>= 2)",NA,NA,NA,NA,"yes","4.1.2"
"quantmod","quantmod","/home/immo/mambaforge/envs/sage/lib/R/library","0.4.20",NA,"R (>= 3.2.0), xts(>= 0.9-0), zoo, TTR(>= 0.2), methods","curl",NA,"DBI,RMySQL,RSQLite,timeSeries,xml2,downloader,jsonlite(>=
1.1)",NA,"GPL-3",NA,NA,NA,NA,"no","4.1.2"
"quantreg","quantreg","/home/immo/mambaforge/envs/sage/lib/R/library","5.93",NA,"R (>= 3.5), stats, SparseM","methods, graphics, Matrix, MatrixModels, survival, MASS",NA,"tripack, akima, rgl, logspline, nor1mix, Formula, zoo, R.rsp,
conquer",NA,"GPL (>= 2)",NA,NA,NA,NA,"yes","4.1.2"
"R6","R6","/home/immo/mambaforge/envs/sage/lib/R/library","2.5.1",NA,"R (>= 3.0)",NA,NA,"testthat, pryr",NA,"MIT + file LICENSE",NA,NA,NA,NA,"no","4.1.2"
"rappdirs","rappdirs","/home/immo/mambaforge/envs/sage/lib/R/library","0.3.3",NA,"R (>= 3.2)",NA,NA,"roxygen2, testthat (>= 3.0.0), covr, withr",NA,"MIT + file LICENSE",NA,NA,NA,NA,"yes","4.1.2"
"RColorBrewer","RColorBrewer","/home/immo/mambaforge/envs/sage/lib/R/library","1.1-3",NA,"R (>= 2.0.0)",NA,NA,NA,NA,"Apache License 2.0",NA,NA,NA,NA,"no","4.1.2"
"Rcpp","Rcpp","/home/immo/mambaforge/envs/sage/lib/R/library","1.0.8.3",NA,NA,"methods, utils",NA,"tinytest, inline, rbenchmark, pkgKitten (>= 0.1.2)",NA,"GPL (>= 2)",NA,NA,NA,NA,"yes","4.1.2"
"RcppEigen","RcppEigen","/home/immo/mambaforge/envs/sage/lib/R/library","0.3.3.9.2",NA,NA,"Matrix (>= 1.1-0), Rcpp (>= 0.11.0), stats, utils","Rcpp","inline, tinytest, pkgKitten, microbenchmark",NA,"GPL (>= 2) | file LICENSE",NA,NA,NA,NA,"yes","4.1.2"
"readr","readr","/home/immo/mambaforge/envs/sage/lib/R/library","2.1.2",NA,"R (>= 3.1)","cli (>= 3.0.0), clipr, crayon, hms (>= 0.4.1), lifecycle (>=
0.2.0), methods, R6, rlang, tibble, utils, vroom (>= 1.5.6)","cpp11, tzdb (>= 0.1.1)","covr, curl, datasets, knitr, rmarkdown, spelling, stringi,
testthat (>= 3.1.2), tzdb (>= 0.1.1), waldo, withr, xml2",NA,"MIT + file LICENSE",NA,NA,NA,NA,"yes","4.1.2"
"readxl","readxl","/home/immo/mambaforge/envs/sage/lib/R/library","1.4.0",NA,"R (>= 3.4)","cellranger, tibble (>= 2.0.1), utils","cpp11 (>= 0.4.0), progress","knitr, rmarkdown, testthat (>= 3.0.0)",NA,"MIT + file LICENSE",NA,NA,NA,NA,"yes","4.1.2"
"rematch","rematch","/home/immo/mambaforge/envs/sage/lib/R/library","1.0.1",NA,NA,NA,NA,"covr, testthat",NA,"MIT + file LICENSE",NA,NA,NA,NA,"no","4.1.2"
"rematch2","rematch2","/home/immo/mambaforge/envs/sage/lib/R/library","2.1.2",NA,NA,"tibble",NA,"covr, testthat",NA,"MIT + file LICENSE",NA,NA,NA,NA,"no","4.1.2"
"repr","repr","/home/immo/mambaforge/envs/sage/lib/R/library","1.1.4",NA,"R (>= 3.0.1)","utils, grDevices, htmltools, jsonlite, pillar (>= 1.4.0),
base64enc",NA,"methods, highr, Cairo, stringr, testthat (>= 3.0.0), leaflet","data.table, tibble, htmlwidgets, vegalite, plotly, geojsonio","GPL-3",NA,NA,NA,NA,"no","4.1.2"
"reprex","reprex","/home/immo/mambaforge/envs/sage/lib/R/library","2.0.1",NA,"R (>= 3.3)","callr (>= 3.6.0), cli (>= 2.3.1), clipr (>= 0.4.0), fs, glue,
knitr (>= 1.23), rlang (>= 0.4.0), rmarkdown, rstudioapi,
utils, withr (>= 2.3.0)",NA,"covr, fortunes, miniUI, mockr, rprojroot, sessioninfo, shiny,
spelling, styler (>= 1.2.0), testthat (>= 3.0.2)",NA,"MIT + file LICENSE",NA,NA,NA,NA,"no","4.1.2"
"rlang","rlang","/home/immo/mambaforge/envs/sage/lib/R/library","1.0.2",NA,"R (>= 3.4.0)","utils",NA,"cli (>= 3.1.0), covr, crayon, fs, glue, knitr, magrittr,
methods, pillar, rmarkdown, stats, testthat (>= 3.0.0), tibble,
usethis, vctrs (>= 0.2.3), withr","winch","MIT + file LICENSE",NA,NA,NA,NA,"yes","4.1.2"
"rmarkdown","rmarkdown","/home/immo/mambaforge/envs/sage/lib/R/library","2.14",NA,"R (>= 3.0)","bslib (>= 0.2.5.1), evaluate (>= 0.13), htmltools (>= 0.3.5),
jquerylib, jsonlite, knitr (>= 1.22), methods, stringr (>=
1.2.0), tinytex (>= 0.31), tools, utils, xfun (>= 0.30), yaml
(>= 2.1.19)",NA,"digest, dygraphs, fs, rsconnect, downlit (>= 0.4.0), katex
(>= 1.4.0), sass (>= 0.4.0), shiny (>= 1.6.0), testthat (>=
3.0.3), tibble, tufte, vctrs, withr (>= 2.4.2)",NA,"GPL-3",NA,NA,NA,NA,"no","4.1.2"
"rprojroot","rprojroot","/home/immo/mambaforge/envs/sage/lib/R/library","2.0.3",NA,"R (>= 3.0.0)",NA,NA,"covr, knitr, lifecycle, mockr, rmarkdown, testthat (>=
3.0.0), withr",NA,"MIT + file LICENSE",NA,NA,NA,NA,"no","4.1.2"
"rstudioapi","rstudioapi","/home/immo/mambaforge/envs/sage/lib/R/library","0.13",NA,NA,NA,NA,"testthat, knitr, rmarkdown, clipr",NA,"MIT + file LICENSE",NA,NA,NA,NA,"no","4.1.2"
"Rttf2pt1","Rttf2pt1","/home/immo/mambaforge/envs/sage/lib/R/library","1.3.10",NA,"R (>= 2.15)",NA,NA,NA,NA,"file LICENSE","yes",NA,NA,NA,"yes","4.1.2"
"rvest","rvest","/home/immo/mambaforge/envs/sage/lib/R/library","1.0.2",NA,"R (>= 3.2)","httr (>= 0.5), lifecycle (>= 1.0.0), magrittr, rlang (>=
0.4.10), selectr, tibble, xml2 (>= 1.3)",NA,"covr, glue, knitr, readr, rmarkdown, repurrrsive, spelling,
stringi (>= 0.3.1), testthat (>= 3.0.2), webfakes",NA,"MIT + file LICENSE",NA,NA,NA,NA,"no","4.1.2"
"sass","sass","/home/immo/mambaforge/envs/sage/lib/R/library","0.4.1",NA,NA,"fs, rlang (>= 0.4.10), htmltools (>= 0.5.1), R6, rappdirs",NA,"testthat, knitr, rmarkdown, withr, shiny, curl",NA,"MIT + file LICENSE",NA,NA,NA,NA,"yes","4.1.2"
"scales","scales","/home/immo/mambaforge/envs/sage/lib/R/library","1.2.0",NA,"R (>= 3.2)","farver (>= 2.0.3), labeling, lifecycle, munsell (>= 0.5), R6,
RColorBrewer, rlang (>= 1.0.0), viridisLite",NA,"bit64, covr, dichromat, ggplot2, hms (>= 0.5.0), stringi,
testthat (>= 3.0.0), waldo (>= 0.4.0)",NA,"MIT + file LICENSE",NA,NA,NA,NA,"no","4.1.2"
"selectr","selectr","/home/immo/mambaforge/envs/sage/lib/R/library","0.4-2",NA,"R (>= 3.0)","methods, stringr, R6",NA,"testthat, XML, xml2",NA,"BSD_3_clause + file LICENCE",NA,NA,NA,NA,"no","4.1.2"
"sp","sp","/home/immo/mambaforge/envs/sage/lib/R/library","1.5-0",NA,"R (>= 3.0.0), methods","utils, stats, graphics, grDevices, lattice, grid",NA,"RColorBrewer, rgdal (>= 1.2-3), rgeos (>= 0.3-13), gstat,
maptools, deldir, knitr, rmarkdown, sf",NA,"GPL (>= 2)",NA,NA,NA,NA,"yes","4.1.2"
"SparseM","SparseM","/home/immo/mambaforge/envs/sage/lib/R/library","1.81",NA,"R (>= 2.15), methods","graphics, stats, utils",NA,NA,NA,"GPL (>= 2)",NA,NA,NA,NA,"yes","4.1.2"
"splines","splines","/home/immo/mambaforge/envs/sage/lib/R/library","4.1.2","base",NA,"graphics, stats",NA,"Matrix, methods",NA,"Part of R 4.1.2",NA,NA,NA,NA,"yes","4.1.2"
"stats","stats","/home/immo/mambaforge/envs/sage/lib/R/library","4.1.2","base",NA,"utils, grDevices, graphics",NA,"MASS, Matrix, SuppDists, methods, stats4",NA,"Part of R 4.1.2",NA,NA,NA,NA,"yes","4.1.2"
"stats4","stats4","/home/immo/mambaforge/envs/sage/lib/R/library","4.1.2","base",NA,"graphics, methods, stats",NA,NA,NA,"Part of R 4.1.2",NA,NA,NA,NA,NA,"4.1.2"
"stringi","stringi","/home/immo/mambaforge/envs/sage/lib/R/library","1.7.6",NA,"R (>= 3.1)","tools, utils, stats",NA,NA,NA,"file LICENSE","yes",NA,NA,NA,"yes","4.1.2"
"stringr","stringr","/home/immo/mambaforge/envs/sage/lib/R/library","1.4.0",NA,"R (>= 3.1)","glue (>= 1.2.0), magrittr, stringi (>= 1.1.7)",NA,"covr, htmltools, htmlwidgets, knitr, rmarkdown, testthat",NA,"GPL-2 | file LICENSE",NA,NA,NA,NA,"no","4.1.2"
"survival","survival","/home/immo/mambaforge/envs/sage/lib/R/library","3.3-1","recommended","R (>= 3.5.0)","graphics, Matrix, methods, splines, stats, utils",NA,NA,NA,"LGPL (>= 2)",NA,NA,NA,NA,"yes","4.1.2"
"sys","sys","/home/immo/mambaforge/envs/sage/lib/R/library","3.4",NA,NA,NA,NA,"unix (>= 1.4), spelling, testthat",NA,"MIT + file LICENSE",NA,NA,NA,NA,"yes","4.1.2"
"systemfonts","systemfonts","/home/immo/mambaforge/envs/sage/lib/R/library","1.0.4",NA,"R (>= 3.2.0)",NA,"cpp11 (>= 0.2.1)","testthat (>= 2.1.0), covr, knitr, rmarkdown, tools",NA,"MIT + file LICENSE",NA,NA,NA,NA,"yes","4.1.2"
"tcltk","tcltk","/home/immo/mambaforge/envs/sage/lib/R/library","4.1.2","base",NA,"utils",NA,NA,NA,"Part of R 4.1.2",NA,NA,NA,NA,"yes","4.1.2"
"testthat","testthat","/home/immo/mambaforge/envs/sage/lib/R/library","3.1.4",NA,"R (>= 3.1)","brio, callr (>= 3.5.1), cli (>= 3.3.0), crayon (>= 1.3.4),
desc, digest, ellipsis (>= 0.2.0), evaluate, jsonlite,
lifecycle, magrittr, methods, pkgload, praise, processx, ps (>=
1.3.4), R6 (>= 2.2.0), rlang (>= 1.0.1), utils, waldo (>=
0.4.0), withr (>= 2.4.3)",NA,"covr, curl (>= 0.9.5), diffviewer (>= 0.1.0), knitr, mockery,
rmarkdown, rstudioapi, shiny, usethis, vctrs (>= 0.1.0), xml2",NA,"MIT + file LICENSE",NA,NA,NA,NA,"yes","4.1.2"
"tibble","tibble","/home/immo/mambaforge/envs/sage/lib/R/library","3.1.7",NA,"R (>= 3.1.0)","ellipsis (>= 0.3.2), fansi (>= 0.4.0), lifecycle (>= 1.0.0),
magrittr, methods, pillar (>= 1.7.0), pkgconfig, rlang (>=
1.0.1), utils, vctrs (>= 0.3.8)",NA,"bench, bit64, blob, brio, callr, cli, covr, crayon (>=
1.3.4), DiagrammeR, dplyr, evaluate, formattable, ggplot2, hms,
htmltools, knitr, lubridate, mockr, nycflights13, pkgbuild,
pkgload, purrr, rmarkdown, stringi, testthat (>= 3.0.2), tidyr,
withr",NA,"MIT + file LICENSE",NA,NA,NA,NA,"yes","4.1.2"
"tidyr","tidyr","/home/immo/mambaforge/envs/sage/lib/R/library","1.2.0",NA,"R (>= 3.1)","dplyr (>= 1.0.0), ellipsis (>= 0.1.0), glue, lifecycle,
magrittr, purrr, rlang, tibble (>= 2.1.1), tidyselect (>=
1.1.0), utils, vctrs (>= 0.3.7)","cpp11 (>= 0.4.0)","covr, data.table, jsonlite, knitr, readr, repurrrsive (>=
1.0.0), rmarkdown, testthat (>= 3.0.0)",NA,"MIT + file LICENSE",NA,NA,NA,NA,"yes","4.1.2"
"tidyselect","tidyselect","/home/immo/mambaforge/envs/sage/lib/R/library","1.1.2",NA,"R (>= 3.2)","ellipsis, glue (>= 1.3.0), purrr (>= 0.3.2), rlang (>= 1.0.1),
vctrs (>= 0.3.0)",NA,"covr, crayon, dplyr, knitr, magrittr, rmarkdown, testthat (>=
3.1.1), tibble (>= 2.1.3), withr",NA,"MIT + file LICENSE",NA,NA,NA,NA,"yes","4.1.2"
"tidyverse","tidyverse","/home/immo/mambaforge/envs/sage/lib/R/library","1.3.1",NA,"R (>= 3.3)","broom (>= 0.7.6), cli (>= 2.4.0), crayon (>= 1.4.1), dbplyr
(>= 2.1.1), dplyr (>= 1.0.5), dtplyr (>= 1.1.0), forcats (>=
0.5.1), googledrive (>= 1.0.1), googlesheets4 (>= 0.3.0),
ggplot2 (>= 3.3.3), haven (>= 2.3.1), hms (>= 1.0.0), httr (>=
1.4.2), jsonlite (>= 1.7.2), lubridate (>= 1.7.10), magrittr
(>= 2.0.1), modelr (>= 0.1.8), pillar (>= 1.6.0), purrr (>=
0.3.4), readr (>= 1.4.0), readxl (>= 1.3.1), reprex (>= 2.0.0),
rlang (>= 0.4.10), rstudioapi (>= 0.13), rvest (>= 1.0.0),
stringr (>= 1.4.0), tibble (>= 3.1.0), tidyr (>= 1.1.3), xml2
(>= 1.3.2)",NA,"covr, feather, glue, knitr, rmarkdown, testthat",NA,"MIT + file LICENSE",NA,NA,NA,NA,"no","4.1.2"
"tinytex","tinytex","/home/immo/mambaforge/envs/sage/lib/R/library","0.39",NA,NA,"xfun (>= 0.29)",NA,"testit, rstudioapi",NA,"MIT + file LICENSE",NA,NA,NA,NA,"no","4.1.2"
"tools","tools","/home/immo/mambaforge/envs/sage/lib/R/library","4.1.2","base",NA,NA,NA,"codetools, methods, xml2, curl, commonmark",NA,"Part of R 4.1.2",NA,NA,NA,NA,"yes","4.1.2"
"tseries","tseries","/home/immo/mambaforge/envs/sage/lib/R/library","0.10-51",NA,"R (>= 2.10.0)","graphics, stats, utils, quadprog, zoo, quantmod (>= 0.4-9)",NA,NA,NA,"GPL-2",NA,NA,NA,NA,"yes","4.1.2"
"TTR","TTR","/home/immo/mambaforge/envs/sage/lib/R/library","0.24.3",NA,NA,"xts (>= 0.10-0), zoo, curl","xts","RUnit","quantmod","GPL (>= 2)",NA,NA,NA,NA,"yes","4.1.2"
"tzdb","tzdb","/home/immo/mambaforge/envs/sage/lib/R/library","0.3.0",NA,"R (>= 3.4.0)",NA,"cpp11 (>= 0.4.2)","covr, testthat (>= 3.0.0)",NA,"MIT + file LICENSE",NA,NA,NA,NA,"yes","4.1.2"
"utf8","utf8","/home/immo/mambaforge/envs/sage/lib/R/library","1.2.2",NA,"R (>= 2.10)",NA,NA,"cli, covr, knitr, rlang, rmarkdown, testthat (>= 3.0.0),
withr",NA,"Apache License (== 2.0) | file LICENSE",NA,NA,NA,NA,"yes","4.1.2"
"utils","utils","/home/immo/mambaforge/envs/sage/lib/R/library","4.1.2","base",NA,NA,NA,"methods, xml2, commonmark",NA,"Part of R 4.1.2",NA,NA,NA,NA,"yes","4.1.2"
"uuid","uuid","/home/immo/mambaforge/envs/sage/lib/R/library","1.1-0",NA,"R (>= 2.9.0)",NA,NA,NA,NA,"MIT + file LICENSE",NA,NA,NA,NA,"yes","4.1.2"
"vctrs","vctrs","/home/immo/mambaforge/envs/sage/lib/R/library","0.4.1",NA,"R (>= 3.3)","cli (>= 3.2.0), glue, rlang (>= 1.0.2)",NA,"bit64, covr, crayon, dplyr (>= 0.8.5), generics, knitr,
pillar (>= 1.4.4), pkgdown (>= 2.0.1), rmarkdown, testthat (>=
3.0.0), tibble (>= 3.1.3), withr, xml2, waldo (>= 0.2.0),
zeallot",NA,"MIT + file LICENSE",NA,NA,NA,NA,"yes","4.1.2"
"viridis","viridis","/home/immo/mambaforge/envs/sage/lib/R/library","0.6.2",NA,"R (>= 2.10), viridisLite (>= 0.4.0)","stats, ggplot2 (>= 1.0.1), gridExtra",NA,"hexbin (>= 1.27.0), scales, MASS, knitr, dichromat,
colorspace, raster, rasterVis, httr, mapproj, vdiffr, svglite
(>= 1.2.0), testthat, covr, rmarkdown, rgdal, maps",NA,"MIT + file LICENSE",NA,NA,NA,NA,"no","4.1.2"
"viridisLite","viridisLite","/home/immo/mambaforge/envs/sage/lib/R/library","0.4.0",NA,"R (>= 2.10)",NA,NA,"hexbin (>= 1.27.0), ggplot2 (>= 1.0.1), testthat, covr",NA,"MIT + file LICENSE",NA,NA,NA,NA,"no","4.1.2"
"vroom","vroom","/home/immo/mambaforge/envs/sage/lib/R/library","1.5.7",NA,"R (>= 3.1)","bit64, crayon, cli, glue, hms, lifecycle, methods, rlang (>=
0.4.2), stats, tibble (>= 2.0.0), tzdb (>= 0.1.1), vctrs (>=
0.2.0), tidyselect, withr","progress (>= 1.2.1), cpp11 (>= 0.2.0), tzdb (>= 0.1.1)","archive, bench (>= 1.1.0), covr, curl, dplyr, forcats, fs,
ggplot2, knitr, patchwork, prettyunits, purrr, rmarkdown,
rstudioapi, scales, spelling, testthat (>= 2.1.0), tidyr,
utils, waldo, xml2",NA,"MIT + file LICENSE",NA,NA,NA,NA,"yes","4.1.2"
"waldo","waldo","/home/immo/mambaforge/envs/sage/lib/R/library","0.4.0",NA,NA,"cli, diffobj (>= 0.3.4), fansi, glue, methods, rematch2, rlang
(>= 1.0.0), tibble",NA,"covr, R6, testthat (>= 3.0.0), withr, xml2",NA,"MIT + file LICENSE",NA,NA,NA,NA,"no","4.1.2"
"withr","withr","/home/immo/mambaforge/envs/sage/lib/R/library","2.5.0",NA,"R (>= 3.2.0)","graphics, grDevices, stats",NA,"callr, covr, DBI, knitr, lattice, methods, rlang, rmarkdown
(>= 2.12), RSQLite, testthat (>= 3.0.0)",NA,"MIT + file LICENSE",NA,NA,NA,NA,"no","4.1.2"
"xfun","xfun","/home/immo/mambaforge/envs/sage/lib/R/library","0.31",NA,NA,"stats, tools",NA,"testit, parallel, codetools, rstudioapi, tinytex (>= 0.30),
mime, markdown, knitr, htmltools, remotes, pak, rhub, renv,
curl, jsonlite, rmarkdown",NA,"MIT + file LICENSE",NA,NA,NA,NA,"yes","4.1.2"
"xml2","xml2","/home/immo/mambaforge/envs/sage/lib/R/library","1.3.3",NA,"R (>= 3.1.0)","methods",NA,"covr, curl, httr, knitr, magrittr, mockery, rmarkdown,
testthat (>= 2.1.0)",NA,"MIT + file LICENSE",NA,NA,NA,NA,"yes","4.1.2"
"xts","xts","/home/immo/mambaforge/envs/sage/lib/R/library","0.12.1",NA,"zoo (>= 1.7-12)","methods","zoo","timeSeries, timeDate, tseries, chron, fts, tis, RUnit",NA,"GPL (>= 2)",NA,NA,NA,NA,"yes","4.1.2"
"yaml","yaml","/home/immo/mambaforge/envs/sage/lib/R/library","2.3.5",NA,NA,NA,NA,"RUnit",NA,"BSD_3_clause + file LICENSE",NA,NA,NA,NA,"yes","4.1.2"
"zoo","zoo","/home/immo/mambaforge/envs/sage/lib/R/library","1.8-10",NA,"R (>= 3.1.0), stats","utils, graphics, grDevices, lattice (>= 0.20-27)",NA,"AER, coda, chron, fts, ggplot2 (>= 3.0.0), mondate, scales,
stinepack, strucchange, timeDate, timeSeries, tis, tseries, xts",NA,"GPL-2 | GPL-3",NA,NA,NA,NA,"yes","4.1.2"
